config,window,risk_aversion,axioma_penalty,shrinkage_strength,n_resample,cagr,log_cagr,vol,sharpe,sortino,max_dd
mvo_r0.50_a0.001_s0.50_n0,3y,0.5,0.001,0.5,0,0.17057034979672592,0.1584311366785779,0.1584254333798269,0.8272623004882432,1.07893778392643,-0.12544551967730877
mvo_r0.50_a0.001_s0.50_n0,full,0.5,0.001,0.5,0,0.1258330173467166,0.11876709813636913,0.20957569558673345,0.48152417730704217,0.5813899355004046,-0.3861582358050397
mvo_r0.50_a0.001_s0.50_n0,5y,0.5,0.001,0.5,0,0.12606577033793087,0.1192163693968919,0.18678780661593578,0.5179516045988383,0.6878319654194581,-0.19805216595792352
mvo_r0.50_a0.001_s0.20_n0,full,0.5,0.001,0.2,0,0.12708833117766427,0.11988377886737854,0.20927272178655906,0.4872546480562171,0.5884318772175794,-0.3860368243446255
mvo_r0.50_a0.001_s0.20_n0,5y,0.5,0.001,0.2,0,0.12596555685204347,0.1191270064697275,0.18681824515276554,0.5174187885401715,0.6872168967511096,-0.1980521659579233
mvo_r0.50_a0.001_s0.20_n0,3y,0.5,0.001,0.2,0,0.17033570109951768,0.1582294632607217,0.15844743461226568,0.8258951663487658,1.0778015205772764,-0.12544551967730966
mvo_r0.50_a0.001_s0.80_n0,full,0.5,0.001,0.8,0,0.1256789757427461,0.11862998266472026,0.20979759296225306,0.4805841272367541,0.5804417539477501,-0.3860368243446255
mvo_r0.50_a0.010_s0.20_n0,full,0.5,0.01,0.2,0,0.1253994383035162,0.1183811129471662,0.21083565497239087,0.4780839266665926,0.577685309486488,-0.38572769613193614
mvo_r0.50_a0.010_s0.20_n0,5y,0.5,0.01,0.2,0,0.12832913487345454,0.12123255403984096,0.18822133481474096,0.5261595934137668,0.6994030825170904,-0.19803627675124136
mvo_r0.50_a0.001_s0.80_n0,5y,0.5,0.001,0.8,0,0.1262471602915476,0.1193780992323422,0.1868174254173229,0.5187657682247989,0.6889141535946021,-0.19805216595792396
mvo_r0.50_a0.001_s0.80_n0,3y,0.5,0.001,0.8,0,0.17057034979672725,0.15843113667857858,0.15842543337982684,0.8272623004882481,1.0789377839264358,-0.1254455196773091
mvo_r0.50_a0.010_s0.20_n0,3y,0.5,0.01,0.2,0,0.17027912775027665,0.15818083413827447,0.1591794577029415,0.8225174723975646,1.0768202669563545,-0.12569506864991675
mvo_r0.50_a0.010_s0.50_n0,full,0.5,0.01,0.5,0,0.12629560219869318,0.11917874130959828,0.21048271079680214,0.4823170931795067,0.5831801337858045,-0.3860368243446257
mvo_r0.50_a0.010_s0.80_n0,full,0.5,0.01,0.8,0,0.12194093663851824,0.1152969155135064,0.2070704781799403,0.4680763547904197,0.5624145045381357,-0.3860368243446254
mvo_r0.50_a0.010_s0.50_n0,5y,0.5,0.01,0.5,0,0.12833676757275758,0.12123934633469727,0.1882144481872916,0.5262081480748367,0.6993804918273845,-0.19804760734984528
mvo_r0.50_a0.010_s0.50_n0,3y,0.5,0.01,0.5,0,0.17031408388018754,0.1582108818841483,0.15916062842102346,0.8227849769660227,1.076903135619573,-0.12569506864991675
mvo_r0.50_a0.010_s0.80_n0,3y,0.5,0.01,0.8,0,0.17402224776060127,0.16139327522767902,0.1585444974549566,0.8454555083416173,1.1007121665602544,-0.12569506864991664
mvo_r0.50_a0.010_s0.80_n0,5y,0.5,0.01,0.8,0,0.12964855529164598,0.1224060166263164,0.18599951024772265,0.5365125341886022,0.7112819951254545,-0.1957894192928853
mvo_r0.50_a0.050_s0.20_n0,3y,0.5,0.05,0.2,0,0.17832554172709036,0.16507383996937758,0.1583147068177626,0.8697144531159947,1.1328751754260153,-0.12569506864991653
mvo_r0.50_a0.050_s0.20_n0,full,0.5,0.05,0.2,0,0.11875581913874345,0.1124480932209528,0.2066397441499323,0.4548358856290892,0.5452932563040915,-0.3842809551634856
mvo_r0.50_a0.050_s0.20_n0,5y,0.5,0.05,0.2,0,0.12828522462724923,0.12119347767380859,0.18483559885969755,0.532170091349835,0.7037648775955277,-0.1957921102300456
mvo_r0.50_a0.050_s0.50_n0,full,0.5,0.05,0.5,0,0.11746516497738235,0.11129140074785172,0.19920927557627266,0.45839834628099857,0.5441899975350859,-0.38410758072715556
mvo_r0.50_a0.050_s0.50_n0,5y,0.5,0.05,0.5,0,0.14345752299794023,0.13460581062617563,0.16835314904256787,0.6465886881061952,0.871611626109208,-0.13968210952687898
mvo_r0.50_a0.050_s0.50_n0,3y,0.5,0.05,0.5,0,0.18725590945784565,0.17266919350409363,0.14979876899801736,0.9610400236964315,1.288428168288447,-0.12544551967730921
mvo_r0.50_a0.050_s0.80_n0,full,0.5,0.05,0.8,0,0.11414826950346257,0.10831263856178006,0.1834495572338618,0.4648195002754922,0.5560983528706969,-0.3496262871999023
mvo_r0.50_a0.050_s0.80_n0,5y,0.5,0.05,0.8,0,0.13390729006403568,0.12618430878198858,0.15930288397776707,0.6211202267670498,0.8206745309052536,-0.12931117547585413
mvo_r0.50_a0.050_s0.80_n0,3y,0.5,0.05,0.8,0,0.18789140748345878,0.1732075105826189,0.14631320802384143,0.9840842818522083,1.3045295542278001,-0.12544551967730944
mvo_r0.50_a0.100_s0.20_n0,full,0.5,0.1,0.2,0,0.11821246974157762,0.11196130275444877,0.19687141438081307,0.4648570721154928,0.5540720304603707,-0.38410758072715523
mvo_r0.50_a0.100_s0.20_n0,5y,0.5,0.1,0.2,0,0.14491010352170997,0.13588054625388604,0.16693985577446438,0.6582750030494523,0.8871355604227389,-0.13931768344860695
mvo_r0.50_a0.100_s0.20_n0,3y,0.5,0.1,0.2,0,0.18821977559318892,0.1734855514991198,0.14927491796736506,0.9693556836788191,1.3010673326562698,-0.125445519677309
mvo_r0.50_a0.100_s0.50_n0,full,0.5,0.1,0.5,0,0.11007242840046327,0.1046401322852687,0.19086782529232646,0.43497120067464323,0.515799475620419,-0.3820948876819251
mvo_r0.50_a0.100_s0.50_n0,5y,0.5,0.1,0.5,0,0.1341491675818305,0.12639847318545558,0.16246808435348478,0.6134664326233028,0.8191691495518609,-0.13844372323265408
mvo_r0.50_a0.100_s0.80_n0,full,0.5,0.1,0.8,0,0.11075655617345981,0.10525750127626704,0.17678854891523582,0.4582957799324836,0.5388736329548346,-0.3480915821450459
mvo_r0.50_a0.100_s0.80_n0,5y,0.5,0.1,0.8,0,0.09458304212938873,0.0907437631719905,0.1572111104555628,0.4019779058820099,0.5021883645569506,-0.20018395643873954
mvo_r0.50_a0.100_s0.50_n0,3y,0.5,0.1,0.5,0,0.1882129365553351,0.1734797614269145,0.14739082650456617,0.9797962431436167,1.3119974493990885,-0.12544551967730944
mvo_r0.50_a0.100_s0.80_n0,3y,0.5,0.1,0.8,0,0.1685664703267542,0.156707560151334,0.14163599960201928,0.8952481024195177,1.179962918651202,-0.1271642195116971
mvo_r1.00_a0.001_s0.20_n0,full,1.0,0.001,0.2,0,0.13052691841815411,0.12293626111537342,0.20895631137867016,0.502288319449475,0.6058190247171877,-0.38603682434462516
mvo_r1.00_a0.001_s0.20_n0,5y,1.0,0.001,0.2,0,0.13210987035129307,0.12459139583859938,0.18571472360609992,0.5488198601875038,0.7278592848350798,-0.1980424803636357
mvo_r1.00_a0.001_s0.50_n0,full,1.0,0.001,0.5,0,0.1302999907473399,0.12273510055483994,0.20908326320654816,0.5011488743433093,0.6044653666255666,-0.3860368243446256
mvo_r1.00_a0.001_s0.20_n0,3y,1.0,0.001,0.2,0,0.17961114063928174,0.16617079265187631,0.15778237593490083,0.8790675455428316,1.147408734379487,-0.12544551967730933
mvo_r1.00_a0.001_s0.50_n0,5y,1.0,0.001,0.5,0,0.1322280017259172,0.1246961640842666,0.18575780144324833,0.5493013016694701,0.7282644612924707,-0.1980424803636356
mvo_r1.00_a0.001_s0.50_n0,3y,1.0,0.001,0.5,0,0.17960353142665952,0.16616430351771508,0.1577822684163234,0.879026887332191,1.1473531467469684,-0.12544551967730888
mvo_r1.00_a0.001_s0.80_n0,full,1.0,0.001,0.8,0,0.12917066055404347,0.1217334021901663,0.20855647576566488,0.49708336772022954,0.5994363212361126,-0.3860368243446255
mvo_r1.00_a0.001_s0.80_n0,5y,1.0,0.001,0.8,0,0.13223124507332695,0.12469904038707605,0.18573476546903295,0.54936127075595,0.7284031047687379,-0.1980424803636357
mvo_r1.00_a0.001_s0.80_n0,3y,1.0,0.001,0.8,0,0.17960353142665775,0.16616430351771327,0.15778226841632334,0.87902688733218,1.1473531467469538,-0.12544551967730888
mvo_r1.00_a0.010_s0.20_n0,full,1.0,0.01,0.2,0,0.12595493989785034,0.11887561050498256,0.21074898605673678,0.4805386593765152,0.5808809640058173,-0.3860368243446254
mvo_r1.00_a0.010_s0.20_n0,5y,1.0,0.01,0.2,0,0.12848116596653392,0.12136783697190422,0.18819538772123,0.5269253573291232,0.7003874233171918,-0.19806166876465503
mvo_r1.00_a0.010_s0.20_n0,3y,1.0,0.01,0.2,0,0.1702047264152322,0.15811687691901322,0.15914225425695103,0.8222705773063048,1.0762904660389354,-0.12554579151145817
mvo_r1.00_a0.010_s0.50_n0,full,1.0,0.01,0.5,0,0.12665922809986863,0.11950220461746093,0.21020772506960206,0.48421016577763387,0.5853268039476893,-0.3860368243446255
mvo_r1.00_a0.010_s0.50_n0,3y,1.0,0.01,0.5,0,0.1702396803227808,0.15814692466488706,0.1591234206199789,0.8225381377146406,1.0763734881904767,-0.12554579151145817
mvo_r1.00_a0.010_s0.50_n0,5y,1.0,0.01,0.5,0,0.12849743998880236,0.1213823171234684,0.18818699869648478,0.5270175220117062,0.7004012962181302,-0.19806167262393315
mvo_r1.00_a0.010_s0.80_n0,full,1.0,0.01,0.8,0,0.12023599403804885,0.1137729937900374,0.20654331843238172,0.4613660327164728,0.5535329303707391,-0.38603682434462516
mvo_r1.00_a0.010_s0.80_n0,5y,1.0,0.01,0.8,0,0.1254926005508319,0.11870515187243534,0.18465492642696246,0.5190333430239761,0.6855622797672127,-0.19560990427502623
mvo_r1.00_a0.010_s0.80_n0,3y,1.0,0.01,0.8,0,0.17399775162362907,0.1613722853308436,0.15845872407951436,0.845695523450837,1.1005635585223368,-0.12554579151145806
mvo_r1.00_a0.050_s0.20_n0,full,1.0,0.05,0.2,0,0.1179984316466487,0.11176947960745712,0.20605768173224123,0.4522437302584274,0.5418313949074842,-0.38428095516348604
mvo_r1.00_a0.050_s0.20_n0,5y,1.0,0.05,0.2,0,0.12672704966929715,0.1198058497732448,0.18300953432697928,0.5280551855298389,0.6995009219676005,-0.18457729631151287
mvo_r1.00_a0.050_s0.50_n0,full,1.0,0.05,0.5,0,0.11627368300182672,0.11022240047885437,0.19906999329280986,0.4532092246395942,0.5377483734113181,-0.38410758072715523
mvo_r1.00_a0.050_s0.20_n0,3y,1.0,0.05,0.2,0,0.17610628563392328,0.16317741386998333,0.15776606500051826,0.8601573857981941,1.1211039793371715,-0.12569506864991664
mvo_r1.00_a0.050_s0.50_n0,5y,1.0,0.05,0.5,0,0.14374519959233,0.13485839443964703,0.16807602093160817,0.6488789690225005,0.8747615349031514,-0.13968210952687843
mvo_r1.00_a0.050_s0.50_n0,3y,1.0,0.05,0.5,0,0.18725590945784565,0.17266919350409363,0.14979876899801736,0.9610400236964313,1.2884281682884466,-0.12544551967730921
mvo_r1.00_a0.050_s0.80_n0,full,1.0,0.05,0.8,0,0.1132399397170285,0.10749535952858129,0.18337998735398356,0.46046863220139894,0.5507668008248342,-0.3496262871999022
mvo_r1.00_a0.050_s0.80_n0,5y,1.0,0.05,0.8,0,0.13329901013733214,0.1256455205521082,0.15916997932154953,0.6181197153609214,0.8162623335503096,-0.129251385294316
mvo_r1.00_a0.050_s0.80_n0,3y,1.0,0.05,0.8,0,0.18779241207980335,0.1731236725872763,0.14619334825267688,0.9841975426526258,1.3039920046412121,-0.12544551967730933
mvo_r1.00_a0.100_s0.20_n0,full,1.0,0.1,0.2,0,0.1184488921186031,0.11217314425275973,0.19657214728476247,0.4663433399900191,0.5554391296657856,-0.3841075807271551
mvo_r1.00_a0.100_s0.20_n0,5y,1.0,0.1,0.2,0,0.14638164945580745,0.13717027724291464,0.16594794577114322,0.6689898778857151,0.9008810582179109,-0.1393176834486073
mvo_r1.00_a0.100_s0.20_n0,3y,1.0,0.1,0.2,0,0.18961506239244597,0.17466613400535044,0.1488581895080509,0.9795904050785385,1.3127428457786758,-0.125445519677309
mvo_r1.00_a0.100_s0.50_n0,full,1.0,0.1,0.5,0,0.109905369688855,0.10448931775312217,0.19082231223178026,0.4342390459823077,0.5148426338333786,-0.3820948876819251
mvo_r1.00_a0.100_s0.50_n0,5y,1.0,0.1,0.5,0,0.13415892680074615,0.12640711328331944,0.16246600038995976,0.6135254468969314,0.8192388640908251,-0.13840316445428913
mvo_r1.00_a0.100_s0.50_n0,3y,1.0,0.1,0.5,0,0.1882129365553351,0.1734797614269145,0.14739082650456617,0.9797962431436168,1.3119974493990885,-0.12544551967730933
mvo_r1.00_a0.100_s0.80_n0,full,1.0,0.1,0.8,0,0.11064804270497475,0.10515960218223754,0.17670601891698207,0.45787185979413875,0.538446621076477,-0.3480915821450461
mvo_r1.00_a0.100_s0.80_n0,5y,1.0,0.1,0.8,0,0.09416601161539662,0.09036113449916684,0.15691557210115076,0.39999573682356016,0.5002495876951356,-0.20018395643873954
mvo_r1.00_a0.100_s0.80_n0,3y,1.0,0.1,0.8,0,0.16782453486735438,0.15606865688139945,0.1410886938427953,0.8936338731217982,1.1817376490821372,-0.12716421951169687
mvo_r1.50_a0.001_s0.20_n0,full,1.5,0.001,0.2,0,0.13136437530886091,0.1236782774143675,0.2088035590437583,0.5060574712439645,0.6100146750842763,-0.3860368243446254
mvo_r1.50_a0.001_s0.20_n0,5y,1.5,0.001,0.2,0,0.13227575630355703,0.12473851351791987,0.1854098708060748,0.550209808892408,0.7296267493460663,-0.19803925185775906
mvo_r1.50_a0.001_s0.20_n0,3y,1.5,0.001,0.2,0,0.18026589017294814,0.16672900614459857,0.15754588672633366,0.883694978326437,1.1540624030470195,-0.1254455196773091
mvo_r1.50_a0.001_s0.50_n0,full,1.5,0.001,0.5,0,0.1312575341784632,0.12358364298228708,0.20886436265119385,0.5055173419536115,0.6094775009961859,-0.3860723745094604
mvo_r1.50_a0.001_s0.50_n0,5y,1.5,0.001,0.5,0,0.13264327594839842,0.12506437537252293,0.18539339883147868,0.5520006522275845,0.7319709932662323,-0.19803925185775906
mvo_r1.50_a0.001_s0.50_n0,3y,1.5,0.001,0.5,0,0.18052030296863886,0.16694582487122792,0.15755112984415615,0.8850478211574232,1.1557691997786568,-0.12544551967730944
mvo_r1.50_a0.001_s0.80_n0,full,1.5,0.001,0.8,0,0.1295627729511557,0.12208131329505441,0.20811523459628592,0.4993702506444628,0.6014657149056588,-0.38608132251994853
mvo_r1.50_a0.001_s0.80_n0,5y,1.5,0.001,0.8,0,0.1327773883694292,0.1251832600241681,0.18539873586444355,0.5526316300357018,0.7328026349255079,-0.19803925185775906
mvo_r1.50_a0.001_s0.80_n0,3y,1.5,0.001,0.8,0,0.18071229504054864,0.16710941572542848,0.15755409308988563,0.8860730902009679,1.157059284553253,-0.1254455196773091
mvo_r1.50_a0.010_s0.20_n0,full,1.5,0.01,0.2,0,0.12551554522753272,0.11848448942273464,0.21043743559922654,0.47907317672106325,0.5793098363039578,-0.38603682434462516
mvo_r1.50_a0.010_s0.20_n0,5y,1.5,0.01,0.2,0,0.12816656602427456,0.12108787405125052,0.18809176219445548,0.525621329636916,0.6989106995730213,-0.19806156796140395
mvo_r1.50_a0.010_s0.20_n0,3y,1.5,0.01,0.2,0,0.17014297505826814,0.15806379084417066,0.1591199724788526,0.8220296528948892,1.0758901062049409,-0.12561741887840916
mvo_r1.50_a0.010_s0.50_n0,full,1.5,0.01,0.5,0,0.12480080647493064,0.11784794830517642,0.20953203116606312,0.4772023763871198,0.5758249974462576,-0.3860368243446254
mvo_r1.50_a0.010_s0.50_n0,5y,1.5,0.01,0.5,0,0.12858249748966655,0.12145799541552288,0.18806539833919345,0.5276377415982366,0.701301760204849,-0.1980437378443619
mvo_r1.50_a0.010_s0.50_n0,3y,1.5,0.01,0.5,0,0.17095469179315703,0.158761379611691,0.1590638182449477,0.8266520458578501,1.081235325607639,-0.12561741887840905
mvo_r1.50_a0.010_s0.80_n0,full,1.5,0.01,0.8,0,0.12055627569532534,0.11405944665235052,0.20499274286925875,0.46469282488169694,0.5569969655571131,-0.3860368243446254
mvo_r1.50_a0.010_s0.80_n0,5y,1.5,0.01,0.8,0,0.1286814732561774,0.1215460500398486,0.1801719357466671,0.5431571913644275,0.7223197858653136,-0.16564793169871683
mvo_r1.50_a0.010_s0.80_n0,3y,1.5,0.01,0.8,0,0.17405494662432508,0.16142129307632438,0.1583615879708948,0.8464266308320392,1.1012792929838586,-0.12561741887840883
mvo_r1.50_a0.050_s0.20_n0,full,1.5,0.05,0.2,0,0.12063889996604837,0.11413333069566632,0.2053408534157163,0.4646145283518754,0.5569697726788267,-0.38517448807765686
mvo_r1.50_a0.050_s0.20_n0,5y,1.5,0.05,0.2,0,0.13376663020793944,0.12605974401841938,0.18070596718090048,0.5670689758985727,0.7559462559397502,-0.17129591518632026
mvo_r1.50_a0.050_s0.20_n0,3y,1.5,0.05,0.2,0,0.17696614721427895,0.16391261770196852,0.15747047382463558,0.8661515835419535,1.127649018245018,-0.12569506864991653
mvo_r1.50_a0.050_s0.50_n0,full,1.5,0.05,0.5,0,0.11557197217236292,0.10959228995988278,0.19888200287961286,0.45028110117075676,0.5340029982467445,-0.38425411911026297
mvo_r1.50_a0.050_s0.50_n0,5y,1.5,0.05,0.5,0,0.14397116231452722,0.13505674812106835,0.16783206344707308,0.6507587681515744,0.8769710628382357,-0.13968210952687887
mvo_r1.50_a0.050_s0.50_n0,3y,1.5,0.05,0.5,0,0.18725590945784565,0.17266919350409363,0.14979876899801733,0.9610400236964318,1.2884281682884473,-0.12544551967730921
mvo_r1.50_a0.050_s0.80_n0,full,1.5,0.05,0.8,0,0.11197111906934776,0.10635260811135062,0.18328302890068104,0.4543778237856509,0.543294646282587,-0.3496262871999022
mvo_r1.50_a0.050_s0.80_n0,5y,1.5,0.05,0.8,0,0.13095574391495624,0.12356724971630628,0.15888512609415772,0.6058557846950181,0.7995031984509959,-0.12931587543384993
mvo_r1.50_a0.050_s0.80_n0,3y,1.5,0.05,0.8,0,0.18766278052331398,0.17301387864297582,0.14587160555757758,0.9852931328309547,1.3040635295775747,-0.12544551967730944
mvo_r1.50_a0.100_s0.20_n0,full,1.5,0.1,0.2,0,0.11840779830309889,0.11213632618440235,0.1962634199939209,0.46658429603774976,0.5550712775671289,-0.38410758072715523
mvo_r1.50_a0.100_s0.20_n0,5y,1.5,0.1,0.2,0,0.14661205541547306,0.13737206577984892,0.16591468797309936,0.6703073915187633,0.9026191440630066,-0.13931768344860695
mvo_r1.50_a0.100_s0.20_n0,3y,1.5,0.1,0.2,0,0.18962070110689044,0.1746709022344776,0.14885771829787542,0.9796250946628755,1.312786291291915,-0.12544551967730944
mvo_r1.50_a0.100_s0.50_n0,full,1.5,0.1,0.5,0,0.11201922658714669,0.10639595947323455,0.18952898984776695,0.4459116516263467,0.5310727544862095,-0.37210895461614457
mvo_r1.50_a0.100_s0.50_n0,5y,1.5,0.1,0.5,0,0.13433083410791546,0.1265592952383367,0.16243296042550157,0.6145542949772766,0.8207210541601782,-0.13775158564315326
mvo_r1.50_a0.100_s0.50_n0,3y,1.5,0.1,0.5,0,0.1882129365553351,0.1734797614269145,0.14739082650456617,0.9797962431436167,1.3119974493990882,-0.12544551967730944
mvo_r1.50_a0.100_s0.80_n0,full,1.5,0.1,0.8,0,0.11029804508791652,0.10484377480888905,0.17671970177177532,0.45606214405837325,0.5361953515242929,-0.348091582145046
mvo_r1.50_a0.100_s0.80_n0,5y,1.5,0.1,0.8,0,0.09412409149978695,0.0903226644076284,0.15687857485250056,0.3998071746742536,0.5000810786401814,-0.20018395643873965
mvo_r1.50_a0.100_s0.80_n0,3y,1.5,0.1,0.8,0,0.16774996557014132,0.15600442053680663,0.1410200736463027,0.8935432236589046,1.1821187982385626,-0.12716421951169687
mvo_r2.00_a0.001_s0.20_n0,full,2.0,0.001,0.2,0,0.1321795472851106,0.12440002115749273,0.20879119972971627,0.5095344603969275,0.6140196845802938,-0.3860368243446254
mvo_r2.00_a0.001_s0.20_n0,5y,2.0,0.001,0.2,0,0.13361601362644193,0.12592634469921926,0.18531883737389993,0.5568029810147685,0.7379280726675885,-0.1980376376096118
mvo_r2.00_a0.001_s0.20_n0,3y,2.0,0.001,0.2,0,0.18264936513609453,0.16875845022609898,0.15736709081372974,0.8974252369272666,1.1718706921288453,-0.125445519677309
mvo_r2.00_a0.001_s0.50_n0,full,2.0,0.001,0.5,0,0.13182327058968135,0.12408464188302584,0.20864637651875348,0.5082268542644975,0.612787385988558,-0.3860368243446253
mvo_r2.00_a0.001_s0.50_n0,5y,2.0,0.001,0.5,0,0.13372568232975413,0.12602347872267608,0.1852725323266546,0.5574195009744226,0.7388846470526714,-0.19803763760961157
mvo_r2.00_a0.001_s0.50_n0,3y,2.0,0.001,0.5,0,0.18267130106693608,0.16877710888974778,0.15735267974463327,0.8976115555467981,1.1722525588633967,-0.12544551967730955
mvo_r2.00_a0.001_s0.80_n0,full,2.0,0.001,0.8,0,0.12928788765551547,0.12183742739918343,0.20767706931907362,0.4988124875062731,0.6000023571153751,-0.3860368243446257
mvo_r2.00_a0.001_s0.80_n0,5y,2.0,0.001,0.8,0,0.13328125556936632,0.1256297899752235,0.18494974746351314,0.5559388611978748,0.7366794738418434,-0.19803763760961202
mvo_r2.00_a0.001_s0.80_n0,3y,2.0,0.001,0.8,0,0.1828400629973479,0.16892064591468942,0.1573716940917104,0.8984349772077843,1.1730102814521008,-0.12544551967730921
mvo_r2.00_a0.010_s0.20_n0,full,2.0,0.01,0.2,0,0.12450998106730671,0.117588825536395,0.21005842700440475,0.4752891629851813,0.5747883131631637,-0.3860368243446253
mvo_r2.00_a0.010_s0.20_n0,5y,2.0,0.01,0.2,0,0.12696970126925167,0.1200220685103881,0.18785899109539939,0.5203601878131567,0.6923762265478189,-0.1980438159812712
mvo_r2.00_a0.010_s0.20_n0,3y,2.0,0.01,0.2,0,0.16986100115636238,0.1578213494265452,0.158956452728713,0.8211863544630689,1.0740082720280977,-0.12601319882700668
mvo_r2.00_a0.010_s0.50_n0,full,2.0,0.01,0.5,0,0.12406010691864067,0.11718785975779775,0.20919771941824783,0.47447355840846295,0.5722158987048834,-0.3860368243446255
mvo_r2.00_a0.010_s0.50_n0,5y,2.0,0.01,0.5,0,0.1282188399451456,0.12113439809315733,0.18774179102132837,0.5264959449084744,0.6992574910201584,-0.19804105224051882
mvo_r2.00_a0.010_s0.50_n0,3y,2.0,0.01,0.5,0,0.17207025361596018,0.15971930406028823,0.15872107783833594,0.834134797068444,1.087411139282824,-0.1260131988270069
mvo_r2.00_a0.010_s0.80_n0,full,2.0,0.01,0.8,0,0.11962273031486603,0.11322427560521378,0.20378640791823555,0.4621364141577088,0.5531745875977551,-0.3860368243446254
mvo_r2.00_a0.010_s0.80_n0,5y,2.0,0.01,0.8,0,0.13199636813678373,0.12449072279974734,0.1776033206169335,0.564997995924099,0.7550531628524967,-0.15221292160615763
mvo_r2.00_a0.010_s0.80_n0,3y,2.0,0.01,0.8,0,0.17617177888463664,0.1632334311970733,0.15809758441300106,0.8590450962664737,1.1176980638189684,-0.12601319882700668
mvo_r2.00_a0.050_s0.20_n0,full,2.0,0.05,0.2,0,0.12003800061483894,0.11359587186577104,0.20507804345305716,0.46232715657304,0.5536416855580295,-0.3857812161584928
mvo_r2.00_a0.050_s0.20_n0,5y,2.0,0.05,0.2,0,0.13105714545401015,0.12365727305505358,0.17985131314539302,0.5555487957363092,0.7382980636022876,-0.16564793169871694
mvo_r2.00_a0.050_s0.20_n0,3y,2.0,0.05,0.2,0,0.17761518874496507,0.1644672093117883,0.1573450243212265,0.870245381128664,1.1320963889516593,-0.12569506864991653
mvo_r2.00_a0.050_s0.50_n0,full,2.0,0.05,0.5,0,0.11519757254634455,0.10925593069288753,0.1987526604031632,0.44875210517619357,0.5320431678133067,-0.3842541191102632
mvo_r2.00_a0.050_s0.50_n0,5y,2.0,0.05,0.5,0,0.14396366418416506,0.13505016677115347,0.16783189023775738,0.6507200189553136,0.8769173329527402,-0.13970794356258864
mvo_r2.00_a0.050_s0.50_n0,3y,2.0,0.05,0.5,0,0.18725590945784543,0.17266919350409363,0.14979876899801733,0.9610400236964318,1.2884281682884473,-0.12544551967730921
mvo_r2.00_a0.050_s0.80_n0,full,2.0,0.05,0.8,0,0.11077833388464886,0.10527714762231456,0.18271870083525804,0.44931483274363754,0.5380370139135716,-0.3496262871999023
mvo_r2.00_a0.050_s0.80_n0,5y,2.0,0.05,0.8,0,0.12602684283788013,0.11918165769462842,0.1582291363035525,0.5799662850934825,0.766962371201518,-0.12965576913993504
mvo_r2.00_a0.050_s0.80_n0,3y,2.0,0.05,0.8,0,0.18779370876835833,0.1731247707821003,0.14581692667750681,0.9863685834993817,1.3056356876276989,-0.12544551967730921
mvo_r2.00_a0.100_s0.20_n0,full,2.0,0.1,0.2,0,0.11822033538606092,0.11196835132664876,0.19613806360910152,0.46590227320570554,0.5538910157825939,-0.38410758072715534
mvo_r2.00_a0.100_s0.20_n0,5y,2.0,0.1,0.2,0,0.14660328386313548,0.1373643844349616,0.16591325739186374,0.670265416982424,0.9025567751876702,-0.13931768344860673
mvo_r2.00_a0.100_s0.20_n0,3y,2.0,0.1,0.2,0,0.18964493872714283,0.17469139787701776,0.1488488203805344,0.9798125845606845,1.3130148461895073,-0.12544551967730933
mvo_r2.00_a0.100_s0.50_n0,full,2.0,0.1,0.5,0,0.1153421238243213,0.10938580841806464,0.18657893193349426,0.46589439870334504,0.5611618975901618,-0.35002961034589297
mvo_r2.00_a0.100_s0.50_n0,5y,2.0,0.1,0.5,0,0.13451208967904282,0.1267197278225974,0.16235974914093343,0.6157466774541134,0.8224287990278001,-0.13677312402877229
mvo_r2.00_a0.100_s0.50_n0,3y,2.0,0.1,0.5,0,0.1882129365553351,0.1734797614269145,0.14739082650456617,0.9797962431436167,1.3119974493990882,-0.12544551967730955
mvo_r2.00_a0.100_s0.80_n0,full,2.0,0.1,0.8,0,0.10979934150286819,0.10439358758502708,0.17671233739775136,0.4535252246408464,0.5332262350502783,-0.3480915821450459
mvo_r2.00_a0.100_s0.80_n0,5y,2.0,0.1,0.8,0,0.09400896186428942,0.0902170023539041,0.15682178689125317,0.39922093214286486,0.49918880567320395,-0.20018395643873954
mvo_r2.00_a0.100_s0.80_n0,3y,2.0,0.1,0.8,0,0.1677499655701411,0.15600442053680663,0.1410200736463027,0.8935432236589046,1.1821187982385626,-0.12716421951169687
mvo_r3.00_a0.001_s0.20_n0,full,3.0,0.001,0.2,0,0.1320507912815394,0.12428605666069605,0.20858227314240527,0.5092851672344102,0.6138283884362786,-0.38636766231620256
mvo_r3.00_a0.001_s0.20_n0,5y,3.0,0.001,0.2,0,0.1344957441872805,0.12670526118374145,0.18517403504033272,0.5613016866666972,0.7432725936984914,-0.19803602336465875
mvo_r3.00_a0.001_s0.20_n0,3y,3.0,0.001,0.2,0,0.18446362585487375,0.17030048897784855,0.15714600483232763,0.9082862123528989,1.184812317886903,-0.12544551967730921
mvo_r3.00_a0.001_s0.50_n0,full,3.0,0.001,0.5,0,0.13053576200589334,0.12294409971677424,0.20800962069153445,0.5036657660965829,0.6064594253855662,-0.3863385900083134
mvo_r3.00_a0.001_s0.50_n0,5y,3.0,0.001,0.5,0,0.13442899422881371,0.126646181718756,0.1851554144109372,0.5610196815067129,0.742979572317018,-0.19803602336465898
mvo_r3.00_a0.001_s0.50_n0,3y,3.0,0.001,0.5,0,0.18446180679716329,0.17029894404509255,0.15714570647253548,0.9082777989812315,1.1847959234330947,-0.1254455196773091
mvo_r3.00_a0.001_s0.80_n0,full,3.0,0.001,0.8,0,0.12732698719583624,0.12009593772050997,0.20690012777292086,0.4914922584905135,0.5897853844982348,-0.38634535199023723
mvo_r3.00_a0.001_s0.80_n0,5y,3.0,0.001,0.8,0,0.13184966806096488,0.12436058930414509,0.18366053768224846,0.5516389161304956,0.7291770323836584,-0.1980360233646592
mvo_r3.00_a0.001_s0.80_n0,3y,3.0,0.001,0.8,0,0.18446760380827687,0.17030386746080367,0.15712393832816332,0.9084133747292275,1.1846616250839073,-0.12544551967730921
mvo_r3.00_a0.010_s0.20_n0,full,3.0,0.01,0.2,0,0.12350447542066822,0.11669241255574357,0.20946505819136363,0.47176261577894585,0.570252382192245,-0.3860368243446255
mvo_r3.00_a0.010_s0.20_n0,5y,3.0,0.01,0.2,0,0.12638423229627538,0.11950029728275186,0.18765479870906415,0.5179379937154782,0.6895306368008726,-0.1980650802625019
mvo_r3.00_a0.010_s0.20_n0,3y,3.0,0.01,0.2,0,0.17069290963257644,0.15853645705801467,0.15879561924056754,0.8263639945124889,1.0802011758212384,-0.12544551967730933
mvo_r3.00_a0.010_s0.50_n0,full,3.0,0.01,0.5,0,0.12184094931314782,0.11520760820363027,0.20847738357797005,0.4658933898740278,0.5611804276462914,-0.3860368243446255
mvo_r3.00_a0.010_s0.50_n0,5y,3.0,0.01,0.5,0,0.12806654372334103,0.12099884771167042,0.1874791578240889,0.5262448919651622,0.6991945610604187,-0.19806508026250147
mvo_r3.00_a0.010_s0.50_n0,3y,3.0,0.01,0.5,0,0.17392587348278377,0.16131069289727437,0.15859315476786376,0.8447208858311901,1.1004478230421997,-0.12544551967730933
mvo_r3.00_a0.010_s0.80_n0,full,3.0,0.01,0.8,0,0.11685405988558362,0.11074325836353897,0.20197824580877835,0.4521779549159033,0.5386130095713992,-0.3860368243446253
mvo_r3.00_a0.010_s0.80_n0,5y,3.0,0.01,0.8,0,0.13428067373030372,0.12651489285205497,0.17354530640678656,0.585763387389931,0.7824920369516265,-0.14676533700707395
mvo_r3.00_a0.010_s0.80_n0,3y,3.0,0.01,0.8,0,0.17934026964642613,0.16593976817252837,0.156857218934987,0.8818585985961038,1.1448486109959053,-0.12544551967730966
mvo_r3.00_a0.050_s0.20_n0,full,3.0,0.05,0.2,0,0.12004543207078311,0.11360252049948079,0.20495354382231412,0.4625174534581299,0.5536282193242454,-0.3860368243446254
mvo_r3.00_a0.050_s0.20_n0,5y,3.0,0.05,0.2,0,0.1313989666684794,0.12396067928700656,0.17980363874895747,0.5573363127625309,0.7406184478122231,-0.16539463813598743
mvo_r3.00_a0.050_s0.20_n0,3y,3.0,0.05,0.2,0,0.17797952230479552,0.1647783903347563,0.15729095891226771,0.8724700280140706,1.134670252134436,-0.12568418102019208
mvo_r3.00_a0.050_s0.50_n0,full,3.0,0.05,0.5,0,0.11441322228102901,0.10855090701780151,0.19850835930471822,0.44550698783486153,0.5279915334993025,-0.3842541191102632
mvo_r3.00_a0.050_s0.50_n0,5y,3.0,0.05,0.5,0,0.14499324812681924,0.1359534622086053,0.16778355426056343,0.6562455447599232,0.8841159164044896,-0.13970107442564472
mvo_r3.00_a0.050_s0.50_n0,3y,3.0,0.05,0.5,0,0.188927652286619,0.1740846745145735,0.1497107939789561,0.9709777540007081,1.3012888889086456,-0.12544551967730944
mvo_r3.00_a0.050_s0.80_n0,full,3.0,0.05,0.8,0,0.11055294971712226,0.10507380296445577,0.1817213624088852,0.44965681426418336,0.5386920445335285,-0.3496262871999022
mvo_r3.00_a0.050_s0.80_n0,5y,3.0,0.05,0.8,0,0.12448517698079598,0.11780598654458256,0.15726921013126158,0.5737787350427305,0.7610569094786208,-0.1338774142230834
mvo_r3.00_a0.050_s0.80_n0,3y,3.0,0.05,0.8,0,0.18771079067897656,0.1730545431665077,0.14554780977774998,0.9874379800835544,1.3079984254331514,-0.12544551967730888
mvo_r3.00_a0.100_s0.20_n0,full,3.0,0.1,0.2,0,0.11727190595315218,0.11111808579077248,0.1960188484135371,0.4617275556541808,0.5484536932525577,-0.3842541191102632
mvo_r3.00_a0.100_s0.20_n0,5y,3.0,0.1,0.2,0,0.1466094411578014,0.137369776451791,0.16591233969118116,0.6703007290500365,0.9026026460542202,-0.1393176834486074
mvo_r3.00_a0.100_s0.20_n0,3y,3.0,0.1,0.2,0,0.18964493872714305,0.17469139787701776,0.1488488203805344,0.9798125845606845,1.3130148461895073,-0.12544551967730933
mvo_r3.00_a0.100_s0.50_n0,full,3.0,0.1,0.5,0,0.11729186978866446,0.11113599077416444,0.18624201454651423,0.47579826828539595,0.5727399964433205,-0.3496158129103075
mvo_r3.00_a0.100_s0.50_n0,5y,3.0,0.1,0.5,0,0.13794443893824337,0.1297529335227568,0.16171026339659655,0.6363349859874473,0.8487730589372399,-0.13187382030297612
mvo_r3.00_a0.100_s0.50_n0,3y,3.0,0.1,0.5,0,0.18862875542755875,0.17383174179234967,0.1473569343976819,0.9823771068148534,1.3163593962662137,-0.12544551967730921
mvo_r3.00_a0.100_s0.80_n0,full,3.0,0.1,0.8,0,0.10907958326997913,0.10374349420286526,0.17674710374735256,0.4497953470138988,0.5282501403503722,-0.3480915821450462
mvo_r3.00_a0.100_s0.80_n0,5y,3.0,0.1,0.8,0,0.09399383344814538,0.09020311718285956,0.1566823969248277,0.3993480120328525,0.49931465650123313,-0.20018395643873999
mvo_r3.00_a0.100_s0.80_n0,3y,3.0,0.1,0.8,0,0.16863833940022688,0.15676942725271745,0.14095828157457652,0.8993037526581021,1.1896224845002379,-0.12716421951169699
