label,window,w_momentum,w_quality,w_volatility,sharpe,sortino,cagr,volatility,max_drawdown,hit_rate_monthly,turnover_avg
current_policy,full,0.35,0.3,0.2,0.4721461279149605,0.600327305400316,0.0806859962525277,0.08869619007827677,-0.09554349546142682,0.6170212765957447,0.4568903730773058
current_policy,3yr,0.35,0.3,0.2,0.9635620610942295,1.2236754575174589,0.13319273975207824,0.09360861518906773,-0.09091406011046699,0.7297297297297297,0.48687522797793087
current_no_value,full,0.412,0.353,0.235,0.4734630686951905,0.6021582177031225,0.08080385762386277,0.08867733361974582,-0.09549719353448594,0.6170212765957447,0.45677396826884514
current_no_value,3yr,0.412,0.353,0.235,0.9650617494056488,1.2259115665452787,0.13333456196429716,0.0935920548394308,-0.09091406011046643,0.7297297297297297,0.4868323869864738
equal_weight,full,0.3333333333333333,0.3333333333333333,0.3333333333333333,0.32707006052186177,0.40143093232971205,0.06507256157600194,0.08145281134957426,-0.11007855905844466,0.574468085106383,0.4557315661354988
equal_weight,3yr,0.3333333333333333,0.3333333333333333,0.3333333333333333,0.8940050409706958,1.0870456394313723,0.11876586827556768,0.08567072999703519,-0.0918347736640649,0.7297297297297297,0.4853490623002766
momentum_heavy,full,0.6,0.2,0.2,0.6817218558167917,0.8794754547628315,0.10536878167852715,0.0956490835830818,-0.09260729726441086,0.6382978723404256,0.46993604176838344
momentum_heavy,3yr,0.6,0.2,0.2,1.155228564440296,1.5017310662112282,0.16308254637931463,0.10141937202202572,-0.09260729726441097,0.7297297297297297,0.5038265333111718
quality_heavy,full,0.2,0.6,0.2,0.40429110969265303,0.5029555238471317,0.07211404723249237,0.08247455408921021,-0.10813918079661866,0.6170212765957447,0.433446779788396
quality_heavy,3yr,0.2,0.6,0.2,0.9720494592775181,1.2031042885504006,0.12636678072900298,0.08581482650341826,-0.08957640343916073,0.7297297297297297,0.45486822444967057
defensive,full,0.15,0.35,0.5,-0.4998252680691674,-0.5343703583180525,0.012287637792342432,0.05270387989485172,-0.12100945106392813,0.574468085106383,0.48178036745242075
defensive,3yr,0.15,0.35,0.5,0.2583936859593318,0.2655988207367098,0.052608418191352646,0.049591879771168815,-0.08219093934332422,0.7027027027027027,0.508286759142797
trend,full,0.7,0.15,0.15,0.7214818173875261,0.9386404226255708,0.11496256684526385,0.10349427430912775,-0.09885490393765084,0.6382978723404256,0.4654838129387805
trend,3yr,0.7,0.15,0.15,1.2076449292043383,1.5969480656495332,0.17925280630217055,0.10920316324263485,-0.09654501871463794,0.7297297297297297,0.4935754277027286
grid,full,0.0,0.1,0.9,-0.49480876225252973,-0.4323727275301923,0.03135527274758543,0.01784929518924182,-0.0462772535828081,0.8085106382978723,0.21901885551546812
grid,3yr,0.0,0.1,0.9,1.077116285705218,0.6985391949079666,0.05027630420810647,0.008716641631036788,-0.012521850738949514,0.9459459459459459,0.18342237984370424
grid,full,0.0,0.2,0.8,-0.9555662372698278,-0.7804221375695994,0.018880956397181237,0.0219479945639294,-0.08067558229435867,0.7872340425531915,0.23797728524271664
grid,3yr,0.0,0.2,0.8,0.6277798747002876,0.4113430851380409,0.04762827565747352,0.010944478290749075,-0.020737254751527878,0.9459459459459459,0.18247794146342788
grid,full,0.0,0.3,0.7,-1.1469155210297737,-0.8569067818776548,0.007996335939066457,0.027569848966860853,-0.10877578570840474,0.7872340425531915,0.24437782920233517
grid,3yr,0.0,0.3,0.7,0.23102984544037033,0.1372037271597646,0.04370256426029506,0.013526463232542519,-0.034108212834213614,0.9459459459459459,0.19113692654462108
grid,full,0.0,0.4,0.6,-1.1798604551230976,-0.8668439944568213,0.0016077374798391109,0.032097204550416474,-0.1194425480260417,0.7872340425531915,0.24631851578574696
grid,3yr,0.0,0.4,0.6,-0.09005718414066574,-0.04937904056223224,0.03868905322477878,0.018256781561378485,-0.04995654620926282,0.9459459459459459,0.19463458034068648
grid,full,0.0,0.5,0.5,-1.122317380184005,-0.8090712692807451,-0.00020155706059166167,0.03526509646840808,-0.11914221733994956,0.7659574468085106,0.24473985139420826
grid,3yr,0.0,0.5,0.5,-0.21889672573619184,-0.11377208091720062,0.03531622527310918,0.022103120770368502,-0.06292254715780154,0.9459459459459459,0.19728066079264933
grid,full,0.0,0.6,0.4,-1.0876987298139214,-0.7633305666185087,-0.004578558588149706,0.04026368778779631,-0.12500087945056082,0.7872340425531915,0.2551934911214418
grid,3yr,0.0,0.6,0.4,-0.3122306603666531,-0.15700056273304866,0.030902786349229716,0.0287180258569841,-0.08163021526464675,0.9459459459459459,0.20539314505355838
grid,full,0.0,0.7,0.3,-0.9380429321067724,-0.668561294512949,-0.0009185621434898428,0.04265211515212289,-0.12645657166655977,0.7659574468085106,0.2514252402535683
grid,3yr,0.0,0.7,0.3,-0.15860037635956534,-0.08255622727509399,0.03487552860569876,0.031586713825856746,-0.08735642417389977,0.9459459459459459,0.20743927979606527
grid,full,0.0,0.8,0.2,-0.7486699802802812,-0.5411860055156318,0.005794650759853193,0.04435738304454182,-0.1158548283428793,0.7872340425531915,0.24858992368012425
grid,3yr,0.0,0.8,0.2,-0.039640320833729474,-0.021671845772381133,0.03856795860451934,0.03398188781902296,-0.0871343661085241,0.918918918918919,0.21349520226049995
grid,full,0.0,0.9,0.1,-0.5615415118662144,-0.4276483637694778,0.010848823583879064,0.04972278862613308,-0.12102278609798933,0.7446808510638298,0.26016845049267506
grid,3yr,0.0,0.9,0.1,0.193021367161612,0.11496226086272882,0.04762512197550817,0.039296040025361245,-0.09043980415175157,0.8918918918918919,0.22501045811495368
grid,full,0.1,0.0,0.9,0.06958157190537742,0.06732222518534167,0.04197998868727826,0.02230881275740165,-0.025688789261658296,0.7872340425531915,0.41357976609867525
grid,3yr,0.1,0.0,0.9,0.41363186387768874,0.42704943434776904,0.05104046383148697,0.025139469836100263,-0.02568878926165863,0.7837837837837838,0.5062924248583048
grid,full,0.1,0.1,0.8,-0.44280875086881627,-0.514748882041566,0.026948069928760976,0.02906505622040991,-0.05650371906482232,0.6382978723404256,0.45420609229248105
grid,3yr,0.1,0.1,0.8,0.2808533054596568,0.29814969111905104,0.0481155722062554,0.027236679867006428,-0.026665525507152732,0.7567567567567568,0.4901799367355093
grid,full,0.1,0.2,0.7,-0.8410827691599982,-0.8698158862195011,0.009362423115033547,0.035672839479492104,-0.09026289266204601,0.6382978723404256,0.45841006120802674
grid,3yr,0.1,0.2,0.7,-0.056196446808042526,-0.053956299004758526,0.03813157362611341,0.03245831458861746,-0.057509973127392366,0.7567567567567568,0.4786199346062843
grid,full,0.1,0.3,0.6,-0.9634350117297373,-0.9423898869485202,-0.0007752893979703357,0.04143364291232845,-0.11978502621366083,0.6170212765957447,0.45346625020135406
grid,3yr,0.1,0.3,0.6,-0.11161599738380347,-0.10327957959879326,0.0359038012233035,0.034949111698813574,-0.0682039411011659,0.7297297297297297,0.46912421720799025
grid,full,0.1,0.4,0.5,-0.7716305063237393,-0.7626317143756294,0.0038377153078290593,0.045507437932572455,-0.12120021934062519,0.5957446808510638,0.45605539641043646
grid,3yr,0.1,0.4,0.5,0.03778230153798243,0.03509935569078643,0.04129556861742456,0.03939836545724708,-0.07988308738274996,0.7297297297297297,0.4756178128197205
grid,full,0.1,0.5,0.4,-0.6109031239194662,-0.6144644847414967,0.008069327519484082,0.050196056081699594,-0.1144603089686883,0.5957446808510638,0.4514093587855831
grid,3yr,0.1,0.5,0.4,0.10294857316355617,0.09751622289795796,0.044331039271299,0.04537952972695239,-0.08728720508457166,0.7297297297297297,0.47396890886686244
grid,full,0.1,0.6,0.3,-0.3068112686084309,-0.327037589674912,0.02148016408418929,0.05572883420655098,-0.12115459144037621,0.574468085106383,0.4558302499744322
grid,3yr,0.1,0.6,0.3,0.4542027016293141,0.46617224977185145,0.06370428465392175,0.05167731515292783,-0.08965570132260425,0.7027027027027027,0.4775111577551539
grid,full,0.1,0.7,0.2,0.038220808437641474,0.04358845836363174,0.04096045419334615,0.06675060130575966,-0.1165393080357916,0.6170212765957447,0.4421067713789928
grid,3yr,0.1,0.7,0.2,0.7025691076503594,0.7863633399422748,0.0871130157444564,0.06576261157745154,-0.08936461433829501,0.7297297297297297,0.46643977647573404
grid,full,0.1,0.8,0.1,0.3042721201940089,0.37600338639162756,0.06304013644874429,0.08118132461053641,-0.12025022608304947,0.6382978723404256,0.43257103688916004
grid,3yr,0.1,0.8,0.1,0.9204817653849487,1.130358566429507,0.11878479363283945,0.0829798064020682,-0.09147876703678248,0.7567567567567568,0.4547314311001902
grid,full,0.1,0.9,0.0,0.004295782562914824,0.004548793257374483,0.023964232214473524,0.18281183405075993,-0.34024415593114976,0.6170212765957447,0.4732118945835558
grid,3yr,0.1,0.9,0.0,0.23278418057444059,0.23512031065355704,0.06741429899609708,0.18592516138949922,-0.34024415593114976,0.7027027027027027,0.5089321666886275
grid,full,0.2,0.0,0.8,-0.03185335353130585,-0.0313559956123759,0.03868556763242936,0.03720441970175828,-0.05711501454611734,0.7446808510638298,0.45138365312019957
grid,3yr,0.2,0.0,0.8,0.1764350387446428,0.18486985232398676,0.04737044292943482,0.04226006262888277,-0.05711501454611734,0.7297297297297297,0.5435355941093536
grid,full,0.2,0.1,0.7,-0.3379072645458761,-0.38198231263261384,0.024054064594545732,0.04475996055053736,-0.06914222074270426,0.5957446808510638,0.4953671869145608
grid,3yr,0.2,0.1,0.7,0.20931309841868853,0.22379009158212687,0.04960718928736685,0.04685814031054742,-0.06067703991999662,0.7027027027027027,0.5458746673504514
grid,full,0.2,0.2,0.6,-0.3731288080320746,-0.41554608434592516,0.019260686973589847,0.05219532881322286,-0.10096364196623131,0.5957446808510638,0.5028367139658563
grid,3yr,0.2,0.2,0.6,0.29226070200121373,0.31466316438414066,0.05491847538507599,0.05176685482564601,-0.07351639867012372,0.7027027027027027,0.5409404093698797
grid,full,0.2,0.3,0.5,-0.21450853683768384,-0.2413832064100488,0.025522787118442247,0.06005267655915716,-0.11915791057700265,0.574468085106383,0.4867893501240649
grid,3yr,0.2,0.3,0.5,0.4915532152346984,0.5382820041078793,0.0693335845824592,0.059428586240401364,-0.08410120496396167,0.7027027027027027,0.5160481346650854
grid,full,0.2,0.4,0.4,0.050624633020965516,0.05868256393950731,0.04183869959038433,0.06554329723598602,-0.11211481893735142,0.5531914893617021,0.4646622756287046
grid,3yr,0.2,0.4,0.4,0.7198717493679059,0.8168280662868248,0.08850156818531962,0.06598635596887667,-0.0897402669272167,0.7027027027027027,0.4952887272530504
grid,full,0.2,0.5,0.3,0.25729086828774483,0.30375643730141527,0.05788619224006575,0.07521552211931765,-0.10496118166081836,0.6170212765957447,0.4468751997505994
grid,3yr,0.2,0.5,0.3,0.8405938943443776,0.9784401809943124,0.10681057703181174,0.0774558271024865,-0.09035009125737403,0.7297297297297297,0.4693067346712883
grid,full,0.2,0.6,0.2,0.40429110969265303,0.5029555238471317,0.07211404723249237,0.08247455408921021,-0.10813918079661866,0.6170212765957447,0.433446779788396
grid,3yr,0.2,0.6,0.2,0.9720494592775181,1.2031042885504006,0.12636678072900298,0.08581482650341826,-0.08957640343916073,0.7297297297297297,0.45486822444967057
grid,full,0.2,0.7,0.1,0.5297435685383226,0.675727098010197,0.08747862059376721,0.0913935004926296,-0.1091683691009635,0.6382978723404256,0.4505022361299692
grid,3yr,0.2,0.7,0.1,1.0814603070922515,1.3829526181421092,0.1477567733103271,0.09544877999709467,-0.09254711352710998,0.7567567567567568,0.48242372582543624
grid,full,0.2,0.8,0.0,0.0818674034342418,0.08737304453308992,0.03711260242132797,0.19510877880445554,-0.35581415978178477,0.5957446808510638,0.4607418182953235
grid,3yr,0.2,0.8,0.0,0.28279097765401456,0.28702058594897045,0.07820490559751003,0.1954567753004158,-0.35581415978178477,0.6756756756756757,0.49819538846733535
grid,full,0.3,0.0,0.7,0.17166492537641745,0.1761786644612605,0.04840276045441971,0.05118519122648851,-0.07627729800373173,0.723404255319149,0.4582059736571988
grid,3yr,0.3,0.0,0.7,0.37554688524274127,0.4090536860630098,0.061592975926206606,0.05811037260268147,-0.07627729800373195,0.7027027027027027,0.5363478432411387
grid,full,0.3,0.1,0.6,0.1031624411272353,0.11948882905823122,0.045211008976428824,0.060571210028315656,-0.08004987728082302,0.5957446808510638,0.49133428895538583
grid,3yr,0.3,0.1,0.6,0.5785101198527789,0.6507713919445625,0.07741226117624511,0.06408174249721543,-0.0800498772808228,0.7027027027027027,0.5321201681725433
grid,full,0.3,0.2,0.5,0.09928756897647976,0.11527705408174253,0.0453095322543311,0.07034329417244038,-0.1063615485223206,0.6170212765957447,0.4816959555328165
grid,3yr,0.3,0.2,0.5,0.6740551483199323,0.7629578009109653,0.08975010127281058,0.07289314282366095,-0.08941948456228532,0.7027027027027027,0.5126871114931904
grid,full,0.3,0.3,0.4,0.21478736261532083,0.2554557979974671,0.054895917414490736,0.07776845479705967,-0.11359869644338527,0.5531914893617021,0.45664774334296115
grid,3yr,0.3,0.3,0.4,0.7944721245299273,0.9285158978274776,0.1057142595615479,0.08105556875595787,-0.09067107129840457,0.7027027027027027,0.4844871935331644
grid,full,0.3,0.4,0.3,0.3601428295490991,0.44365038520713085,0.06817470374388201,0.08227129103711484,-0.10777652239838564,0.5957446808510638,0.4479703979027587
grid,3yr,0.3,0.4,0.3,0.9188802158324305,1.125052592144959,0.1215193779048831,0.08608200999179384,-0.0917365914465127,0.7297297297297297,0.47565424193492123
grid,full,0.3,0.5,0.2,0.4788743105010828,0.6069513843933559,0.08056458363101959,0.08688051659329092,-0.09640255888511617,0.6595744680851063,0.4414037271354458
grid,3yr,0.3,0.5,0.2,0.9805714370571106,1.242024613126803,0.13253943871524765,0.09116180806434966,-0.09030947680813262,0.7567567567567568,0.46733759718839923
grid,full,0.3,0.6,0.1,0.6251161057769855,0.8130766866902567,0.10074923633735366,0.09793331644340111,-0.09963893861881667,0.6382978723404256,0.4553773298816399
grid,3yr,0.3,0.6,0.1,1.1268869132832637,1.4782606638463631,0.16197336934888784,0.10328721381961806,-0.09492023189704601,0.7297297297297297,0.48961837086453364
grid,full,0.3,0.7,0.0,0.07035183064107556,0.07535894553324762,0.033375602972907314,0.20531843510238382,-0.36802267640968056,0.5957446808510638,0.4583010576806796
grid,3yr,0.3,0.7,0.0,0.2538015386624274,0.2579232406077592,0.07258539652460416,0.20420530082438637,-0.36802267640968067,0.6756756756756757,0.49962679125549336
grid,full,0.4,0.0,0.6,0.4348919200370735,0.46397478216866095,0.06784287004407341,0.06439724592369529,-0.09207779933340676,0.7021276595744681,0.46736448378217876
grid,3yr,0.4,0.0,0.6,0.5879400105442013,0.6645631845742477,0.08249009416395814,0.07201793045617604,-0.09207779933340621,0.6756756756756757,0.5314363968815332
grid,full,0.4,0.1,0.5,0.2756291683899202,0.326149937123829,0.05961749258846494,0.07652783500609556,-0.09562227804862322,0.6382978723404256,0.47508996463706227
grid,3yr,0.4,0.1,0.5,0.701366441481125,0.8131765957245165,0.0980676079532119,0.08196359744108114,-0.09562227804862333,0.7027027027027027,0.5103764020334691
grid,full,0.4,0.2,0.4,0.2870874818561387,0.3465649944953729,0.06167153819139792,0.08167166321720713,-0.10705501288472441,0.574468085106383,0.46742899577465813
grid,3yr,0.4,0.2,0.4,0.8143691038533686,0.9722349699712148,0.11122242176631714,0.0856913300118521,-0.09329546966519864,0.7027027027027027,0.49892876709427125
grid,full,0.4,0.3,0.3,0.3920537440309388,0.4911238972070304,0.0720347444600713,0.0855124406394388,-0.105115181849052,0.574468085106383,0.4531000492505344
grid,3yr,0.4,0.3,0.3,0.9146713215847939,1.1415076156338342,0.12473360146219536,0.09000548378066202,-0.09133059075005578,0.7297297297297297,0.4820083675450315
grid,full,0.4,0.4,0.2,0.53996873122826,0.6891600428229561,0.08817373469857936,0.09074222995864836,-0.09074185474956209,0.6595744680851063,0.45891431623570733
grid,3yr,0.4,0.4,0.2,1.0103143733187996,1.292270045951109,0.14043363393968455,0.09583048554456959,-0.09074185474956209,0.7567567567567568,0.48904100066549816
grid,full,0.4,0.5,0.1,0.6393058969284692,0.8420535978599147,0.10452093729497425,0.1017261448801769,-0.10540113311718247,0.6382978723404256,0.4472545821412611
grid,3yr,0.4,0.5,0.1,1.1464073699326391,1.5316722185031433,0.16927935754377188,0.10740917952783066,-0.09686831454262435,0.7297297297297297,0.48175289632452123
grid,full,0.4,0.6,0.0,0.09359848044664695,0.10178431717259735,0.03748320434706254,0.21198250205959537,-0.37430825173969995,0.5957446808510638,0.45569710493165916
grid,3yr,0.4,0.6,0.0,0.28280494116132754,0.2915362821166039,0.07927800191500944,0.2089489292272295,-0.37430825173970006,0.6756756756756757,0.4953419867423132
grid,full,0.5,0.0,0.5,0.5115518806489303,0.5702985691292055,0.07842303514110016,0.07565125354900541,-0.09820816652858,0.7021276595744681,0.4791751019768243
grid,3yr,0.5,0.0,0.5,0.7002412772588188,0.822252677137252,0.09946788578509191,0.08419230560091115,-0.09820816652857878,0.6756756756756757,0.5210692310933572
grid,full,0.5,0.1,0.4,0.36598185667843164,0.44885843768311995,0.06899653282790297,0.08330579342912249,-0.09462432963646072,0.6170212765957447,0.4579186136596411
grid,3yr,0.5,0.1,0.4,0.8420583751696329,1.027871710961532,0.11651387066341612,0.08888166246333998,-0.09462432963646017,0.7297297297297297,0.49127253900818424
grid,full,0.5,0.2,0.3,0.40685669728502893,0.5121159930325875,0.07406887373573201,0.08750654361937354,-0.10745252885182144,0.5957446808510638,0.4564166773310907
grid,3yr,0.5,0.2,0.3,0.9296276009330607,1.1681254526558302,0.12868442364402632,0.09260998321573452,-0.091117004991764,0.7297297297297297,0.4852656559650772
grid,full,0.5,0.3,0.2,0.6155565312845749,0.7931863068859776,0.0974250718564571,0.09388644028676504,-0.09191086556820527,0.6382978723404256,0.4627299727396068
grid,3yr,0.5,0.3,0.2,1.0826771779799782,1.4027103973108943,0.15264742602605508,0.09967458909096176,-0.09191086556820516,0.7297297297297297,0.4959905814095085
grid,full,0.5,0.4,0.1,0.6714917588081123,0.888154180754998,0.11073416120026991,0.10588530597506741,-0.10670702339925686,0.6382978723404256,0.4508847664842574
grid,3yr,0.5,0.4,0.1,1.1679476005519631,1.5687550836223632,0.17771528888270316,0.11205995900787381,-0.09866216724051868,0.7297297297297297,0.4851065758534405
grid,full,0.5,0.5,0.0,0.09388570732397425,0.10297233158825102,0.03660982722280948,0.21931511440278362,-0.3771351449036302,0.6170212765957447,0.457968671633636
grid,3yr,0.5,0.5,0.0,0.29731954462749,0.3098454135317889,0.08306254386126821,0.2148020814112997,-0.3771351449036303,0.6756756756756757,0.4954729155128297
grid,full,0.6,0.0,0.4,0.5891136452018568,0.6914027045807608,0.08824554349317815,0.0820033211470106,-0.09356640798481641,0.6808510638297872,0.4876527674470757
grid,3yr,0.6,0.0,0.4,0.808845675319215,0.9947029409681102,0.11468727159032066,0.09069557901955753,-0.09356640798481697,0.7027027027027027,0.5105298679407233
grid,full,0.6,0.1,0.3,0.43764328349082066,0.5540964591522043,0.07781770259554466,0.08981691336033647,-0.10418464349584522,0.5957446808510638,0.4649989116823066
grid,3yr,0.6,0.1,0.3,0.9362310042529518,1.1886877126967208,0.1319725687808493,0.09536002876449683,-0.09135888567997164,0.7297297297297297,0.4981243791407894
grid,full,0.6,0.2,0.2,0.6817218558167917,0.8794754547628315,0.10536878167852715,0.0956490835830818,-0.09260729726441086,0.6382978723404256,0.46993604176838344
grid,3yr,0.6,0.2,0.2,1.155228564440296,1.5017310662112282,0.16308254637931463,0.10141937202202572,-0.09260729726441097,0.7297297297297297,0.5038265333111718
grid,full,0.6,0.3,0.1,0.7381373948804993,0.9781973540665161,0.12011982599287463,0.10809972777298195,-0.10997111708700857,0.6382978723404256,0.46097399886030416
grid,3yr,0.6,0.3,0.1,1.2476240045075888,1.6839429935250636,0.19061298063685772,0.11385362741555749,-0.09984327623287459,0.7297297297297297,0.4913992147514257
grid,full,0.6,0.4,0.0,0.12450522884459923,0.13740784804507983,0.042275642520568146,0.23121391319279183,-0.3875453454026435,0.6382978723404256,0.46562339090095
grid,3yr,0.6,0.4,0.0,0.3285285820345303,0.34338597038003876,0.0912982433274192,0.22359570278650104,-0.3875453454026436,0.6756756756756757,0.4976518388465576
grid,full,0.7,0.0,0.3,0.5591173002642593,0.6886850615255292,0.0892028450202953,0.08906364527982727,-0.0911833159242803,0.6595744680851063,0.5143103691413782
grid,3yr,0.7,0.0,0.3,0.8824973674009726,1.1169952108608454,0.12788051268165246,0.0972423653510337,-0.09118331592428064,0.7027027027027027,0.5226087116277199
grid,full,0.7,0.1,0.2,0.6905431183675097,0.8894385513097651,0.10727840418510715,0.09714805425413972,-0.09388889395457489,0.6382978723404256,0.4808493032058136
grid,3yr,0.7,0.1,0.2,1.1466578154329565,1.4882608992070467,0.16413341513285706,0.10312219218043224,-0.09388889395457489,0.7297297297297297,0.5173976342952797
grid,full,0.7,0.2,0.1,0.7803857673329794,1.0318598782787918,0.12701492849192952,0.11048365859921334,-0.11003452437843364,0.6382978723404256,0.46239571671454166
grid,3yr,0.7,0.2,0.1,1.2945594944320546,1.7502004418924748,0.19998538824272805,0.11601528127190569,-0.10236487494433766,0.7297297297297297,0.4903408910694107
grid,full,0.7,0.3,0.0,0.1853742473304879,0.20698792090606907,0.05643973933583046,0.24091567844701905,-0.38891814356004994,0.6382978723404256,0.46504090798461956
grid,3yr,0.7,0.3,0.0,0.3718479625945578,0.39369933096792353,0.10325624459533667,0.2326784478309773,-0.3889181435600497,0.6756756756756757,0.4980594575042182
grid,full,0.8,0.0,0.2,0.7537160460813329,0.9563046647725746,0.11422534845672505,0.09737251290039861,-0.09441436009014648,0.6170212765957447,0.5161990088446633
grid,3yr,0.8,0.0,0.2,1.1433732080532597,1.4747924802157877,0.16535314431894665,0.10446290173951342,-0.0944143600901467,0.7297297297297297,0.5296726595582121
grid,full,0.8,0.1,0.1,0.7874607375873628,1.033334883071939,0.12961763814132565,0.11275914586478547,-0.11340320862708553,0.6382978723404256,0.4817490249468052
grid,3yr,0.8,0.1,0.1,1.2954930367026398,1.7457619084911886,0.2028357537848111,0.1179511042692142,-0.10560239329346999,0.7297297297297297,0.5083876872002969
grid,full,0.8,0.2,0.0,0.30029275661254234,0.3407592197844248,0.0868220301944167,0.2576852397320684,-0.37666147524048954,0.6382978723404256,0.45849913016536215
grid,3yr,0.8,0.2,0.0,0.4408926785420146,0.4777396702326268,0.12428831619976943,0.2475695732368196,-0.37666147524048943,0.6756756756756757,0.48907475485679086
grid,full,0.9,0.0,0.1,0.8170518186195491,1.0638995533062807,0.13381505040892083,0.11331639181790633,-0.10708516159571546,0.6382978723404256,0.5150052086278276
grid,3yr,0.9,0.0,0.1,1.2611221637093681,1.6907433990449088,0.19910050699171866,0.11876117956267772,-0.10708516159571557,0.7297297297297297,0.5350863467900546
grid,full,0.9,0.1,0.0,0.351532372926128,0.40604677262035793,0.1030769834866403,0.27923108041473244,-0.3604232045461778,0.5957446808510638,0.45685366902849395
grid,3yr,0.9,0.1,0.0,0.4649969254400977,0.5131851547267025,0.13592253119433484,0.269193664089451,-0.3604232045461778,0.6486486486486487,0.48609138706702976
