cagr,log_cagr,vol,sharpe,sortino,max_dd,config,window,num_positions,tau,regime,weighting,n_days,turnover,test
0.13041103414997224,0.12283354028237518,0.2028808899336557,0.5105732208961885,0.6206682766278144,-0.36942530384253847,baseline_prior,full,30,1.0,off,exponential,3875,0.31760059719692085,t1
0.12442414660240275,0.11775148864530538,0.1823970095447554,0.5179111800359257,0.6925306753189869,-0.19059200627596973,baseline_prior,5y,30,1.0,off,exponential,1254,0.31760059719692085,t1
0.19309124181451365,0.1776013933044414,0.15335101360998357,0.9744779291544208,1.300110209341629,-0.13388524145577008,baseline_prior,3y,30,1.0,off,exponential,751,0.31760059719692085,t1
0.13046704428239253,0.12288318947040269,0.20271309556402842,0.5110725237327988,0.6207293094777944,-0.36942530384253847,2a_momentum-0.10,full,30,1.0,off,exponential,3875,0.3183055863008123,t2
0.12459596672126283,0.11790491017928195,0.18181929822219253,0.5198209639767162,0.6936228222560905,-0.19059200627596973,2a_momentum-0.10,5y,30,1.0,off,exponential,1254,0.3183055863008123,t2
0.1933951122017088,0.17785757253694026,0.15220042774127773,0.9823716245014072,1.306974925183557,-0.1282986472143861,2a_momentum-0.10,3y,30,1.0,off,exponential,751,0.3183055863008123,t2
0.13044719346569433,0.12286559334760437,0.2028079953698368,0.5108416635337046,0.6207674866831006,-0.36942530384253847,2a_momentum-0.05,full,30,1.0,off,exponential,3875,0.3177334988523408,t2
0.12453506910844014,0.1178505361953557,0.1821462084109646,0.5189165137492067,0.6930005801981457,-0.19059200627596973,2a_momentum-0.05,5y,30,1.0,off,exponential,1254,0.3177334988523408,t2
0.19328740892599705,0.17776678029214193,0.15285204961466167,0.9782404114082184,1.3028904972070046,-0.13213279852680593,2a_momentum-0.05,3y,30,1.0,off,exponential,751,0.3177334988523408,t2
0.1304317280565328,0.12285188431518966,0.20289393096757052,0.5106447181000809,0.620760359680135,-0.36942530384253847,2a_momentum+0.05,full,30,1.0,off,exponential,3875,0.31720834729250513,t2
0.12448762643351996,0.11780817375468029,0.18244186652068367,0.5181423195013932,0.692808361430311,-0.19059200627596973,2a_momentum+0.05,5y,30,1.0,off,exponential,1254,0.31720834729250513,t2
0.1932035046944618,0.17769604460558142,0.15343997868267992,0.9746246386931439,1.2997210010013078,-0.13290120728829002,2a_momentum+0.05,3y,30,1.0,off,exponential,751,0.31720834729250513,t2
0.1306122030875292,0.1230118514695186,0.20294615932524832,0.5113539830428169,0.621736589210003,-0.36942530384253847,2a_momentum+0.10,full,30,1.0,off,exponential,3875,0.3172192570414854,t2
0.12504134734845684,0.11830249012072859,0.18262148394740899,0.5205196137120278,0.696854969266112,-0.19059200627596973,2a_momentum+0.10,5y,30,1.0,off,exponential,1254,0.3172192570414854,t2
0.19418292880813848,0.17852144104103357,0.1537952842338094,0.9780970195375723,1.3068431985973308,-0.13305715164212928,2a_momentum+0.10,3y,30,1.0,off,exponential,751,0.3172192570414854,t2
0.1304218232923049,0.1228431043174443,0.20287635026020845,0.5106275763234885,0.6206204570618734,-0.36942530384253847,2a_quality-0.10,full,30,1.0,off,exponential,3875,0.3179441920962057,t2
0.1244572426579289,0.11778104258142404,0.18238140246108497,0.5181030674959604,0.6924687781280966,-0.19059200627596973,2a_quality-0.10,5y,30,1.0,off,exponential,1254,0.3179441920962057,t2
0.19314977103518016,0.1776507416877873,0.1533199348472944,0.9749685713078733,1.2993857506915445,-0.13326491675422047,2a_quality-0.10,3y,30,1.0,off,exponential,751,0.3179441920962057,t2
0.13041141119720612,0.12283387451742969,0.20288967431945776,0.5105618316671301,0.6205275806207026,-0.36942530384253847,2a_quality-0.05,full,30,1.0,off,exponential,3875,0.31770453173161095,t2
0.12442530319632294,0.11775252146893876,0.1824272185196681,0.5178622471558991,0.6922627008260097,-0.19059200627596973,2a_quality-0.05,5y,30,1.0,off,exponential,1254,0.31770453173161095,t2
0.19309328719118413,0.17760311788611416,0.15341101927263368,0.9741698991901209,1.2982939561233893,-0.13322356146894854,2a_quality-0.05,3y,30,1.0,off,exponential,751,0.31770453173161095,t2
0.13026919089417222,0.12270779484082737,0.2028631572975074,0.5099798658927459,0.6198983671864567,-0.36942530384253847,2a_quality+0.05,full,30,1.0,off,exponential,3875,0.3174420139907323,t2
0.12398909887325305,0.11736292119235661,0.18233593888347172,0.5158912576885554,0.689644240968075,-0.19059200627596973,2a_quality+0.05,5y,30,1.0,off,exponential,1254,0.3174420139907323,t2
0.19232198184484361,0.17695257361602892,0.1532305816971739,0.9708856934492943,1.2947933107062153,-0.1336050506185683,2a_quality+0.05,3y,30,1.0,off,exponential,751,0.3174420139907323,t2
0.13028733369356016,0.12272387949105464,0.20285975751040863,0.510064362421195,0.6198187701191233,-0.36942530384253847,2a_quality+0.10,full,30,1.0,off,exponential,3875,0.3173184605434461,t2
0.12404473834413632,0.11741262455729334,0.18232425357206142,0.5161854482691175,0.6900663014965811,-0.19059200627596973,2a_quality+0.10,5y,30,1.0,off,exponential,1254,0.3173184605434461,t2
0.19242035358603116,0.1770355669843787,0.15320723744505055,0.9715525161837679,1.2951196026890397,-0.1335303519962251,2a_quality+0.10,3y,30,1.0,off,exponential,751,0.3173184605434461,t2
0.13069668638383458,0.12308672592110657,0.2029252677177843,0.5117549799735982,0.6221164153741273,-0.36942530384253847,2a_volatility-0.10,full,30,1.0,off,exponential,3875,0.31653035895099424,t2
0.12530061641113588,0.11853386053532466,0.18254973363720814,0.5219207967507378,0.6984923998344628,-0.19059200627596973,2a_volatility-0.10,5y,30,1.0,off,exponential,1254,0.31653035895099424,t2
0.19464163561124104,0.1789077772592805,0.15365238482350693,0.9813804814000088,1.3103145357075112,-0.1322736007348585,2a_volatility-0.10,3y,30,1.0,off,exponential,751,0.31653035895099424,t2
0.1305630407896754,0.12296827815012776,0.20289462188440416,0.5112173405630787,0.6214092963428107,-0.36942530384253847,2a_volatility-0.05,full,30,1.0,off,exponential,3875,0.3172528043924914,t2
0.12489049275709196,0.118167843699166,0.18244431232820865,0.5201091572588294,0.6956695261313754,-0.19059200627596973,2a_volatility-0.05,5y,30,1.0,off,exponential,1254,0.3172528043924914,t2
0.19391606465221467,0.17829661199624064,0.1534439785711173,0.9785178935263967,1.3055858870424133,-0.13318285225178916,2a_volatility-0.05,3y,30,1.0,off,exponential,751,0.3172528043924914,t2
0.1303665291665228,0.12279408787551349,0.20281960155300954,0.510471449698751,0.6202670157171748,-0.36942530384253847,2a_volatility+0.05,full,30,1.0,off,exponential,3875,0.31812377461202784,t2
0.12428763303250734,0.11762957630352783,0.18218611676065355,0.5176298398709261,0.6912228631110088,-0.19059200627596973,2a_volatility+0.05,5y,30,1.0,off,exponential,1254,0.31812377461202784,t2
0.1928498344628906,0.17739782729034145,0.15293199857924886,0.9753956940632025,1.2985376380848381,-0.1324284480478377,2a_volatility+0.05,3y,30,1.0,off,exponential,751,0.31812377461202784,t2
0.13030793084515602,0.12274213975478473,0.20273084335550798,0.5103495704828586,0.6199387961877347,-0.36942530384253847,2a_volatility+0.10,full,30,1.0,off,exponential,3875,0.31829106115971134,t2
0.12410790696096385,0.11746905081084526,0.18188038288703465,0.517310377188615,0.6904104411064763,-0.19059200627596973,2a_volatility+0.10,5y,30,1.0,off,exponential,1254,0.31829106115971134,t2
0.1925320409486948,0.17712978605489016,0.15232332663005385,0.9769215414718928,1.300033515212973,-0.12920232958240674,2a_volatility+0.10,3y,30,1.0,off,exponential,751,0.31829106115971134,t2
0.13041103414997224,0.12283354028237518,0.2028808899336557,0.5105732208961885,0.6206682766278144,-0.36942530384253847,2a_value-0.10,full,30,1.0,off,exponential,3875,0.31760059719692085,t2
0.12442414660240275,0.11775148864530538,0.1823970095447554,0.5179111800359257,0.6925306753189869,-0.19059200627596973,2a_value-0.10,5y,30,1.0,off,exponential,1254,0.31760059719692085,t2
0.19309124181451365,0.1776013933044414,0.15335101360998357,0.9744779291544208,1.300110209341629,-0.13388524145577008,2a_value-0.10,3y,30,1.0,off,exponential,751,0.31760059719692085,t2
0.13041103414997224,0.12283354028237518,0.2028808899336557,0.5105732208961885,0.6206682766278144,-0.36942530384253847,2a_value-0.05,full,30,1.0,off,exponential,3875,0.31760059719692085,t2
0.12442414660240275,0.11775148864530538,0.1823970095447554,0.5179111800359257,0.6925306753189869,-0.19059200627596973,2a_value-0.05,5y,30,1.0,off,exponential,1254,0.31760059719692085,t2
0.19309124181451365,0.1776013933044414,0.15335101360998357,0.9744779291544208,1.300110209341629,-0.13388524145577008,2a_value-0.05,3y,30,1.0,off,exponential,751,0.31760059719692085,t2
0.13041103414997224,0.12283354028237518,0.2028808899336557,0.5105732208961885,0.6206682766278144,-0.36942530384253847,2a_value+0.05,full,30,1.0,off,exponential,3875,0.31760059719692085,t2
0.12442414660240275,0.11775148864530538,0.1823970095447554,0.5179111800359257,0.6925306753189869,-0.19059200627596973,2a_value+0.05,5y,30,1.0,off,exponential,1254,0.31760059719692085,t2
0.19309124181451365,0.1776013933044414,0.15335101360998357,0.9744779291544208,1.300110209341629,-0.13388524145577008,2a_value+0.05,3y,30,1.0,off,exponential,751,0.31760059719692085,t2
0.13041103414997224,0.12283354028237518,0.2028808899336557,0.5105732208961885,0.6206682766278144,-0.36942530384253847,2a_value+0.10,full,30,1.0,off,exponential,3875,0.31760059719692085,t2
0.12442414660240275,0.11775148864530538,0.1823970095447554,0.5179111800359257,0.6925306753189869,-0.19059200627596973,2a_value+0.10,5y,30,1.0,off,exponential,1254,0.31760059719692085,t2
0.19309124181451365,0.1776013933044414,0.15335101360998357,0.9744779291544208,1.300110209341629,-0.13388524145577008,2a_value+0.10,3y,30,1.0,off,exponential,751,0.31760059719692085,t2
0.13698070049265265,0.12864039102614447,0.20555537857209583,0.5348622790049785,0.6521563652108128,-0.36942530384253847,2b_momentum_70,full,30,1.0,off,exponential,3875,0.3154828953296726,t2
0.14469890461508794,0.135695305736299,0.19143245860241082,0.596101683948617,0.8006561421895204,-0.19059200627596973,2b_momentum_70,5y,30,1.0,off,exponential,1254,0.3154828953296726,t2
0.22916116617905713,0.20756350599699266,0.170714747159901,1.0675380636989347,1.4118587623692287,-0.16046614228056488,2b_momentum_70,3y,30,1.0,off,exponential,751,0.3154828953296726,t2
0.1283391394694744,0.12099521528815374,0.2007154856971494,0.5047227895520348,0.61121210872265,-0.36942530384253847,2b_quality_70,full,30,1.0,off,exponential,3875,0.31535192206819845,t2
0.11808073260042629,0.11207085917751583,0.17483125204548758,0.5000272999191756,0.6639848896762143,-0.19059200627596973,2b_quality_70,5y,30,1.0,off,exponential,1254,0.31535192206819845,t2
0.18189435391618036,0.16811602798805245,0.1378627474363782,0.9986275437339163,1.3580383172864687,-0.11182816489964764,2b_quality_70,3y,30,1.0,off,exponential,751,0.31535192206819845,t2
0.11174473995279932,0.10614858481379513,0.19806994802249045,0.4338111287595893,0.5122495810257068,-0.36942530384253847,2b_volatility_70,full,30,1.0,off,exponential,3875,0.30949474867305266,t2
0.0681444989686728,0.06619311349319397,0.16520539776074739,0.2414704364257604,0.29244023359917926,-0.19059200627596973,2b_volatility_70,5y,30,1.0,off,exponential,1254,0.30949474867305266,t2
0.09523353341330765,0.09151057780411156,0.11644510124542559,0.5007701940701952,0.5787280596542158,-0.11182816489964764,2b_volatility_70,3y,30,1.0,off,exponential,751,0.30949474867305266,t2
0.13041103414997224,0.12283354028237518,0.2028808899336557,0.5105732208961885,0.6206682766278144,-0.36942530384253847,prior,full,30,1.0,off,exponential,3875,0.31760059719692085,t2
0.12442414660240275,0.11775148864530538,0.1823970095447554,0.5179111800359257,0.6925306753189869,-0.19059200627596973,prior,5y,30,1.0,off,exponential,1254,0.31760059719692085,t2
0.19309124181451365,0.1776013933044414,0.15335101360998357,0.9744779291544208,1.300110209341629,-0.13388524145577008,prior,3y,30,1.0,off,exponential,751,0.31760059719692085,t2
0.12897802995421492,0.12156244182506944,0.20235734923362353,0.5050826064850569,0.6130239579153522,-0.36942530384253847,2c_m30_q25_v25,full,30,1.0,off,exponential,3875,0.3214302064420607,t2
0.12003420528251829,0.11382365250331193,0.18058893601617687,0.49951081694922667,0.6652690411487732,-0.19059200627596973,2c_m30_q25_v25,5y,30,1.0,off,exponential,1254,0.3214302064420607,t2
0.1853379673382245,0.17104279607133913,0.14974342200383037,0.9504595942157645,1.2639295816973848,-0.12137796077304064,2c_m30_q25_v25,3y,30,1.0,off,exponential,751,0.3214302064420607,t2
0.13142399229899082,0.12373107922345244,0.20280644969217335,0.5151119417325768,0.6264046342181905,-0.36942530384253847,2c_m30_q35_v15,full,30,1.0,off,exponential,3875,0.31532146356649393,t2
0.12753430081201533,0.12052498417694361,0.18214136423378605,0.533609683304368,0.7156265473263448,-0.19059200627596973,2c_m30_q35_v15,5y,30,1.0,off,exponential,1254,0.31532146356649393,t2
0.198596456741569,0.18223250302038593,0.15283591681482184,1.0075547858571663,1.3539142085889724,-0.1300690062270592,2c_m30_q35_v15,3y,30,1.0,off,exponential,751,0.31532146356649393,t2
0.12908083229679157,0.12165368291119072,0.20214367813909806,0.5058512839003908,0.6139796878121822,-0.36942530384253847,2c_m30_q35_v25,full,30,1.0,off,exponential,3875,0.3194335441660055,t2
0.12034874915519134,0.11410559764583184,0.179847587317364,0.5023853271726022,0.6697011153914832,-0.19059200627596973,2c_m30_q35_v25,5y,30,1.0,off,exponential,1254,0.3194335441660055,t2
0.18589282493984904,0.17151358063687844,0.14824497795539232,0.9617186799746525,1.285600112828242,-0.11866576456063771,2c_m30_q35_v25,3y,30,1.0,off,exponential,751,0.3194335441660055,t2
0.13174510852675514,0.12401543885644398,0.2033580336355765,0.5156691225666932,0.6275032616168288,-0.36942530384253847,2c_m40_q25_v15,full,30,1.0,off,exponential,3875,0.31744907930591315,t2
0.12852145791007374,0.1214036871895769,0.18403316730819613,0.5347976924007559,0.7173058739728533,-0.19059200627596973,2c_m40_q25_v15,5y,30,1.0,off,exponential,1254,0.31744907930591315,t2
0.20034592054045053,0.18369973814401064,0.1565733253951322,0.996601670773062,1.3316816624012198,-0.13968262742651494,2c_m40_q25_v15,3y,30,1.0,off,exponential,751,0.31744907930591315,t2
0.13000646144440298,0.12247484090887492,0.20286440223537544,0.5088295517090741,0.6180819978031448,-0.36942530384253847,2c_m40_q25_v25,full,30,1.0,off,exponential,3875,0.3189378033007871,t2
0.12318358133778307,0.11664306753500756,0.18234007035012034,0.5119356205786335,0.6832052050935484,-0.19059200627596973,2c_m40_q25_v25,5y,30,1.0,off,exponential,1254,0.3189378033007871,t2
0.19089817383265828,0.1757505809578189,0.15324049075050145,0.9629868596247569,1.2788083690244274,-0.13162779934640745,2c_m40_q25_v25,3y,30,1.0,off,exponential,751,0.3189378033007871,t2
0.1321852187070396,0.12440504074769992,0.20324019203509772,0.5177673972179236,0.6299760532701831,-0.36942530384253847,2c_m40_q35_v15,full,30,1.0,off,exponential,3875,0.31489457600211745,t2
0.12987536787695486,0.12260760052978173,0.1836303923049813,0.5421244488204235,0.7273664985988426,-0.19059200627596973,2c_m40_q35_v15,5y,30,1.0,off,exponential,1254,0.31489457600211745,t2
0.20274701228172542,0.18571000089849382,0.15577847956294394,1.0137992256546429,1.3572868419997821,-0.1339439380888171,2c_m40_q35_v15,3y,30,1.0,off,exponential,751,0.31489457600211745,t2
0.13041103414997224,0.12283354028237518,0.2028808899336557,0.5105732208961885,0.6206682766278144,-0.36942530384253847,no_regime,full,30,1.0,off,exponential,3875,0.31760059719692085,t3
0.12442414660240275,0.11775148864530538,0.1823970095447554,0.5179111800359257,0.6925306753189869,-0.19059200627596973,no_regime,5y,30,1.0,off,exponential,1254,0.31760059719692085,t3
0.19309124181451365,0.1776013933044414,0.15335101360998357,0.9744779291544208,1.300110209341629,-0.13388524145577008,no_regime,3y,30,1.0,off,exponential,751,0.31760059719692085,t3
0.10135146963681807,0.09673667374226894,0.15945660007447726,0.435955407286886,0.5530317346149631,-0.27110998093485694,regime_vix20_0.60,full,30,1.0,vix20_0.60,exponential,3875,0.31760059719692085,t3
0.08112162745106777,0.07831860445666787,0.14641342473042254,0.3351311942539421,0.45781992201617105,-0.1467886918894178,regime_vix20_0.60,5y,30,1.0,vix20_0.60,exponential,1254,0.31760059719692085,t3
0.15018122851040405,0.14075466738859374,0.13855213624971074,0.796828914909125,1.0546028876571762,-0.11084888267859194,regime_vix20_0.60,3y,30,1.0,vix20_0.60,exponential,751,0.31760059719692085,t3
0.11264091376264962,0.10695601481018463,0.16800461547721668,0.48303814792880734,0.6099214445582992,-0.2711099809348574,regime_vix25_0.60,full,30,1.0,vix25_0.60,exponential,3875,0.31760059719692085,t3
0.08642693615044084,0.0832338852658419,0.1530873779674586,0.359228601439137,0.48546027224723914,-0.17637653195306469,regime_vix25_0.60,5y,30,1.0,vix25_0.60,exponential,1254,0.31760059719692085,t3
0.1646256071348806,0.1533093066549637,0.14281460048550243,0.8652274055657453,1.1531831449930814,-0.11182816489964764,regime_vix25_0.60,3y,30,1.0,vix25_0.60,exponential,751,0.31760059719692085,t3
0.10698398451670732,0.10184832172583833,0.17599626210266087,0.4399973557235473,0.5421939908737662,-0.31057454681548025,regime_vix30_0.60,full,30,1.0,vix30_0.60,exponential,3875,0.31760059719692085,t3
0.07783094025115544,0.07525770206030445,0.1583329578179869,0.30222143679808594,0.39426625997112197,-0.20478621433180777,regime_vix30_0.60,5y,30,1.0,vix30_0.60,exponential,1254,0.31760059719692085,t3
0.16284444437999013,0.1517696138420168,0.14302086493669436,0.8534259343913602,1.1292328541591894,-0.11182816489964764,regime_vix30_0.60,3y,30,1.0,vix30_0.60,exponential,751,0.31760059719692085,t3
0.10249630151578581,0.09777775074817734,0.15551929920359753,0.44969455944054587,0.5666888571301861,-0.23336521817911493,regime_vix25_0.40,full,30,1.0,vix25_0.40,exponential,3875,0.31760059719692085,t3
0.06692173587237238,0.06504301068942722,0.14270620254500127,0.24706229424807857,0.32629003203365126,-0.2092402178065329,regime_vix25_0.40,5y,30,1.0,vix25_0.40,exponential,1254,0.31760059719692085,t3
0.15030978298997932,0.14086709711874507,0.1393759519249147,0.793767280270437,1.0475218058248583,-0.11182816489964764,regime_vix25_0.40,3y,30,1.0,vix25_0.40,exponential,751,0.31760059719692085,t3
0.12195561299516444,0.11531002356442889,0.18407521609425168,0.5018008172283447,0.6240146003052989,-0.3211748834463364,regime_vix25_0.80,full,30,1.0,vix25_0.80,exponential,3875,0.31760059719692085,t3
0.10560497625238119,0.10080397887899728,0.16654413301475507,0.4487063351550781,0.6072793011629926,-0.18094812845220853,regime_vix25_0.80,5y,30,1.0,vix25_0.80,exponential,1254,0.31760059719692085,t3
0.17888827500989257,0.165554146096062,0.1475114772209655,0.9253662480182635,1.237475808101294,-0.11783788586474575,regime_vix25_0.80,3y,30,1.0,vix25_0.80,exponential,751,0.31760059719692085,t3
0.13041103414997224,0.12283354028237518,0.2028808899336557,0.5105732208961885,0.6206682766278144,-0.36942530384253847,cluster_tau1.00,full,30,1.0,off,exponential,3875,0.31760059719692085,t4
0.12442414660240275,0.11775148864530538,0.1823970095447554,0.5179111800359257,0.6925306753189869,-0.19059200627596973,cluster_tau1.00,5y,30,1.0,off,exponential,1254,0.31760059719692085,t4
0.19309124181451365,0.1776013933044414,0.15335101360998357,0.9744779291544208,1.300110209341629,-0.13388524145577008,cluster_tau1.00,3y,30,1.0,off,exponential,751,0.31760059719692085,t4
0.11354308781490641,0.10776819425187012,0.18242220814836937,0.4635108019472857,0.5522779438806222,-0.39429555716359543,cluster_tau0.90,full,30,0.9,off,exponential,3875,0.3738513892610955,t4
0.09690648050109218,0.0928728705537228,0.15077685419586215,0.4262894289367204,0.5803441656846625,-0.20844279476704786,cluster_tau0.90,5y,30,0.9,off,exponential,1254,0.3738513892610955,t4
0.17924801932725853,0.16586107623584914,0.1382909175651481,0.9797081598334525,1.299347895136179,-0.12265215872101032,cluster_tau0.90,3y,30,0.9,off,exponential,751,0.3738513892610955,t4
0.10470646101749637,0.09978455135946991,0.17376719718065695,0.43171307647793156,0.5110002874981295,-0.41766171210363534,cluster_tau0.80,full,30,0.8,off,exponential,3875,0.4135150407546216,t4
0.08152739493106687,0.07869539226660974,0.14435877591768267,0.3404255774608181,0.4578252139840855,-0.21563708035746798,cluster_tau0.80,5y,30,0.8,off,exponential,1254,0.4135150407546216,t4
0.16722802440429807,0.15555468908446177,0.1294622833368307,0.9576947027224957,1.27731671601866,-0.11808764172998454,cluster_tau0.80,3y,30,0.8,off,exponential,751,0.4135150407546216,t4
0.10410077053537092,0.0992349906970771,0.17572999197868683,0.42570921561406405,0.507984425581196,-0.4689765501379506,cluster_tau0.70,full,30,0.7,off,exponential,3875,0.46113570267429366,t4
0.09088711864088683,0.08734763440146187,0.1448985589092939,0.3994294414263874,0.5350578712868601,-0.21922168185038482,cluster_tau0.70,5y,30,0.7,off,exponential,1254,0.46113570267429366,t4
0.19153823180391338,0.17629110186656663,0.13038383004278592,1.1109748148592935,1.480124704636486,-0.10337769440658073,cluster_tau0.70,3y,30,0.7,off,exponential,751,0.46113570267429366,t4
0.0951533612282971,0.09108143619988113,0.1818936702024173,0.3726257619194111,0.4425928945658017,-0.5165025546556532,cluster_tau0.60,full,30,0.6,off,exponential,3875,0.49163731609475425,t4
0.08619172477521242,0.08301647479251614,0.14678339508386679,0.3666568003349515,0.48668243862024907,-0.24304510036560711,cluster_tau0.60,5y,30,0.6,off,exponential,1254,0.49163731609475425,t4
0.18238646765866862,0.1685348031680709,0.1315781175008937,1.0431205168031024,1.3694474529219227,-0.10588414323616913,cluster_tau0.60,3y,30,0.6,off,exponential,751,0.49163731609475425,t4
